2,0.0,0.0,0.13071895424836602,-0.3202614379084967,0.39215686274509803,-0.6078431372549019,0.6013071895424836,-0.8104575163398693,0.6862745098039216,-1.0,0.6797385620915033,-0.6013071895424836,0.9934640522875817,-0.45751633986928103,0.9019607843137255,-0.32679738562091504,0.7973856209150327,-0.3137254901960784,0.7058823529411765,-0.42483660130718953,0.9934640522875817,-0.26143790849673204,0.8562091503267973,-0.17647058823529413,0.7189542483660131,-0.19607843137254902,0.6993464052287581,-0.21568627450980393,0.9411764705882353,-0.08496732026143791,0.8235294117647058,-0.0196078431372549,0.6928104575163399,-0.05228758169934641,0.6666666666666666,-0.006535947712418301,0.869281045751634,0.08496732026143791,0.7516339869281046,0.11764705882352941,0.6405228758169934,0.0915032679738562
2,0.0,0.0,0.10909090909090909,-0.32727272727272727,0.34545454545454546,-0.6121212121212121,0.5454545454545454,-0.8121212121212121,0.6181818181818182,-1.0,0.6242424242424243,-0.5818181818181818,0.896969696969697,-0.4727272727272727,0.8181818181818182,-0.3515151515151515,0.7212121212121212,-0.32727272727272727,0.6727272727272727,-0.3939393939393939,0.9090909090909091,-0.2545454545454545,0.7818181818181819,-0.17575757575757575,0.6545454545454545,-0.18181818181818182,0.6727272727272727,-0.18181818181818182,0.8545454545454545,-0.06666666666666667,0.7333333333333333,-0.012121212121212121,0.6121212121212121,-0.03636363636363636,0.6545454545454545,0.024242424242424242,0.7818181818181819,0.10303030303030303,0.6545454545454545,0.13333333333333333,0.5393939393939394,0.10303030303030303
2,0.0,0.0,0.1958762886597938,-0.27835051546391754,0.37628865979381443,-0.5824742268041238,0.4639175257731959,-0.8144329896907216,0.4948453608247423,-1.0,0.30927835051546393,-0.6649484536082474,0.7319587628865979,-0.5773195876288659,0.6597938144329897,-0.4639175257731959,0.520618556701031,-0.4484536082474227,0.23711340206185566,-0.5154639175257731,0.7164948453608248,-0.38144329896907214,0.6185567010309279,-0.31443298969072164,0.4845360824742268,-0.33505154639175255,0.211340206185567,-0.3247422680412371,0.654639175257732,-0.21649484536082475,0.5515463917525774,-0.17010309278350516,0.41237113402061853,-0.1958762886597938,0.20618556701030927,-0.12886597938144329,0.5618556701030928,-0.07216494845360824,0.4793814432989691,-0.04639175257731959,0.3556701030927835,-0.06701030927835051
2,0.0,0.0,0.09615384615384616,-0.36538461538461536,0.28846153846153844,-0.6153846153846154,0.46794871794871795,-0.7948717948717948,0.5256410256410257,-1.0,0.7115384615384616,-0.532051282051282,0.7756410256410257,-0.4423076923076923,0.6538461538461539,-0.34615384615384615,0.532051282051282,-0.34615384615384615,0.7884615384615384,-0.32051282051282054,0.8076923076923077,-0.24358974358974358,0.6730769230769231,-0.1794871794871795,0.5384615384615384,-0.1858974358974359,0.7884615384615384,-0.08974358974358974,0.7884615384615384,-0.05128205128205128,0.6602564102564102,-0.00641025641025641,0.5384615384615384,-0.019230769230769232,0.7564102564102564,0.14102564102564102,0.7564102564102564,0.1794871794871795,0.6346153846153846,0.19230769230769232,0.5384615384615384,0.16666666666666666
2,0.0,0.0,-0.04242424242424243,-0.34545454545454546,0.006060606060606061,-0.6121212121212121,0.05454545454545454,-0.8303030303030303,0.048484848484848485,-1.0,0.44242424242424244,-0.6,0.49696969696969695,-0.5575757575757576,0.42424242424242425,-0.4727272727272727,0.3393939393939394,-0.44242424242424244,0.5575757575757576,-0.43636363636363634,0.6060606060606061,-0.3939393939393939,0.5212121212121212,-0.3393939393939394,0.4121212121212121,-0.3090909090909091,0.6060606060606061,-0.24242424242424243,0.6242424242424243,-0.23030303030303031,0.5393939393939394,-0.18181818181818182,0.43636363636363634,-0.16363636363636364,0.6181818181818182,-0.06666666666666667,0.6181818181818182,-0.048484848484848485,0.5333333333333333,-0.030303030303030304,0.4484848484848485,-0.024242424242424242
2,0.0,0.0,0.27699530516431925,-0.27230046948356806,0.4647887323943662,-0.5774647887323944,0.5492957746478874,-0.8075117370892019,0.6197183098591549,-1.0,0.323943661971831,-0.7464788732394366,0.6948356807511737,-0.5586854460093896,0.6009389671361502,-0.460093896713615,0.4694835680751174,-0.49295774647887325,0.20187793427230047,-0.596244131455399,0.6197183098591549,-0.3755868544600939,0.5070422535211268,-0.3145539906103286,0.38497652582159625,-0.3755868544600939,0.12206572769953052,-0.4084507042253521,0.539906103286385,-0.22065727699530516,0.431924882629108,-0.17370892018779344,0.30985915492957744,-0.2347417840375587,0.07511737089201878,-0.2112676056338028,0.4225352112676056,-0.07511737089201878,0.3615023474178404,-0.06103286384976526,0.25821596244131456,-0.12206572769953052
2,0.0,0.0,0.14163090128755365,-0.27896995708154504,0.2918454935622318,-0.5879828326180258,0.33905579399141633,-0.8154506437768241,0.33476394849785407,-1.0,0.19742489270386265,-0.6051502145922747,0.6137339055793991,-0.5793991416309013,0.5321888412017167,-0.48068669527896996,0.3948497854077253,-0.463519313304721,0.15450643776824036,-0.4248927038626609,0.6223175965665236,-0.37339055793991416,0.5150214592274678,-0.3218884120171674,0.38197424892703863,-0.33476394849785407,0.1630901287553648,-0.2317596566523605,0.5965665236051502,-0.2017167381974249,0.48497854077253216,-0.1630901287553648,0.34334763948497854,-0.18025751072961374,0.1888412017167382,-0.05150214592274678,0.5407725321888412,-0.060085836909871244,0.45493562231759654,-0.04291845493562232,0.33047210300429186,-0.05150214592274678
2,0.0,0.0,-0.07389162561576355,-0.3251231527093596,-0.054187192118226604,-0.6108374384236454,-0.024630541871921183,-0.8275862068965517,-0.014778325123152709,-1.0,0.30049261083743845,-0.5960591133004927,0.2660098522167488,-0.5073891625615764,0.18226600985221675,-0.4236453201970443,0.14285714285714285,-0.39901477832512317,0.4039408866995074,-0.43349753694581283,0.3399014778325123,-0.3497536945812808,0.2512315270935961,-0.3054187192118227,0.18226600985221675,-0.27586206896551724,0.4482758620689655,-0.26108374384236455,0.3694581280788177,-0.21674876847290642,0.29064039408866993,-0.18719211822660098,0.22660098522167488,-0.1625615763546798,0.45320197044334976,-0.10837438423645321,0.37438423645320196,-0.07389162561576355,0.3054187192118227,-0.04433497536945813,0.2561576354679803,-0.019704433497536946
2,0.0,0.0,0.01818181818181818,-0.3696969696969697,0.1393939393939394,-0.6303030303030303,0.2787878787878788,-0.8242424242424242,0.3393939393939394,-1.0,0.5636363636363636,-0.5818181818181818,0.6060606060606061,-0.49696969696969695,0.503030303030303,-0.41818181818181815,0.40606060606060607,-0.40606060606060607,0.6606060606060606,-0.37575757575757573,0.6727272727272727,-0.30303030303030304,0.5575757575757576,-0.2545454545454545,0.44242424242424244,-0.24848484848484848,0.6848484848484848,-0.15757575757575756,0.6666666666666666,-0.12121212121212122,0.5636363636363636,-0.09090909090909091,0.46060606060606063,-0.09090909090909091,0.6666666666666666,0.048484848484848485,0.6484848484848484,0.07272727272727272,0.5515151515151515,0.09090909090909091,0.4666666666666667,0.08484848484848485
2,0.0,0.0,0.05113636363636364,-0.3068181818181818,-0.056818181818181816,-0.6079545454545454,-0.18181818181818182,-0.8068181818181818,-0.2159090909090909,-1.0,-0.5284090909090909,-0.6022727272727273,-0.4034090909090909,-0.6931818181818182,-0.23295454545454544,-0.5738636363636364,-0.23295454545454544,-0.5056818181818182,-0.6306818181818182,-0.4602272727272727,-0.42613636363636365,-0.5227272727272727,-0.24431818181818182,-0.42045454545454547,-0.2784090909090909,-0.3693181818181818,-0.6477272727272727,-0.2897727272727273,-0.44886363636363635,-0.3352272727272727,-0.2784090909090909,-0.2727272727272727,-0.3125,-0.23295454545454544,-0.6306818181818182,-0.10227272727272728,-0.48295454545454547,-0.1590909090909091,-0.32386363636363635,-0.14772727272727273,-0.32954545454545453,-0.14204545454545456
2,0.0,0.0,0.04827586206896552,-0.2896551724137931,-0.041379310344827586,-0.6,-0.15862068965517243,-0.8,-0.22758620689655173,-1.0,-0.47586206896551725,-0.503448275862069,-0.13793103448275862,-0.4068965517241379,-0.013793103448275862,-0.36551724137931035,-0.06896551724137931,-0.3931034482758621,-0.5655172413793104,-0.2689655172413793,-0.08275862068965517,-0.2,0.013793103448275862,-0.20689655172413793,-0.05517241379310345,-0.22758620689655173,-0.5379310344827586,-0.04827586206896552,-0.0896551724137931,0.006896551724137931,-0.013793103448275862,-0.034482758620689655,-0.09655172413793103,-0.06206896551724138,-0.47586206896551725,0.15172413793103448,-0.14482758620689656,0.1724137931034483,-0.06206896551724138,0.12413793103448276,-0.1103448275862069,0.10344827586206896
2,0.0,0.0,0.1144578313253012,-0.25903614457831325,0.07228915662650602,-0.572289156626506,-0.018072289156626505,-0.7951807228915663,-0.024096385542168676,-1.0,-0.39156626506024095,-0.6626506024096386,-0.27710843373493976,-0.5301204819277109,-0.13253012048192772,-0.4457831325301205,-0.14457831325301204,-0.5,-0.5421686746987951,-0.5180722891566265,-0.3313253012048193,-0.3433734939759036,-0.1686746987951807,-0.29518072289156627,-0.21084337349397592,-0.3433734939759036,-0.5963855421686747,-0.3313253012048193,-0.39156626506024095,-0.1566265060240964,-0.23493975903614459,-0.13253012048192772,-0.26506024096385544,-0.20481927710843373,-0.6204819277108434,-0.14457831325301204,-0.45180722891566266,-0.012048192771084338,-0.30120481927710846,0.0,-0.30120481927710846,-0.060240963855421686
2,0.0,0.0,0.155,-0.28,0.205,-0.585,0.215,-0.785,0.245,-1.0,-0.04,-0.66,0.335,-0.51,0.28,-0.45,0.16,-0.465,-0.15,-0.48,0.33,-0.32,0.245,-0.295,0.11,-0.345,-0.18,-0.275,0.285,-0.14,0.205,-0.125,0.06,-0.175,-0.17,-0.07,0.2,0.01,0.155,0.01,0.02,-0.025
2,0.0,0.0,-0.005235602094240838,-0.33507853403141363,-0.1099476439790576,-0.6020942408376964,-0.20418848167539266,-0.8115183246073299,-0.225130890052356,-1.0,-0.5235602094240838,-0.5392670157068062,-0.5287958115183246,-0.5078534031413613,-0.4031413612565445,-0.4397905759162304,-0.3403141361256545,-0.4083769633507853,-0.6230366492146597,-0.35602094240837695,-0.5916230366492147,-0.32460732984293195,-0.4869109947643979,-0.2774869109947644,-0.41361256544502617,-0.24607329842931938,-0.6596858638743456,-0.16230366492146597,-0.6178010471204188,-0.15706806282722513,-0.518324607329843,-0.13089005235602094,-0.43455497382198954,-0.1099476439790576,-0.6492146596858639,0.015706806282722512,-0.6230366492146597,0.015706806282722512,-0.5287958115183246,0.020942408376963352,-0.45549738219895286,0.02617801047120419
2,0.0,0.0,-0.02185792349726776,-0.273224043715847,-0.09836065573770492,-0.5737704918032787,-0.12021857923497267,-0.8142076502732241,-0.07650273224043716,-1.0,-0.29508196721311475,-0.6502732240437158,-0.6557377049180327,-0.6284153005464481,-0.5737704918032787,-0.5245901639344263,-0.44808743169398907,-0.4972677595628415,-0.33879781420765026,-0.4918032786885246,-0.7103825136612022,-0.4644808743169399,-0.6065573770491803,-0.3770491803278688,-0.4808743169398907,-0.36065573770491804,-0.3825136612021858,-0.3005464480874317,-0.7158469945355191,-0.3005464480874317,-0.6120218579234973,-0.22404371584699453,-0.4808743169398907,-0.21311475409836064,-0.4207650273224044,-0.1092896174863388,-0.6885245901639344,-0.12021857923497267,-0.6010928961748634,-0.08196721311475409,-0.4808743169398907,-0.07650273224043716
2,0.0,0.0,-0.08208955223880597,-0.26865671641791045,-0.08208955223880597,-0.5671641791044776,-0.07462686567164178,-0.8208955223880597,-0.08955223880597014,-1.0,0.29850746268656714,-0.6417910447761194,0.39552238805970147,-0.6940298507462687,0.23134328358208955,-0.5522388059701493,0.1865671641791045,-0.5447761194029851,0.417910447761194,-0.48507462686567165,0.4925373134328358,-0.5447761194029851,0.2835820895522388,-0.40298507462686567,0.26865671641791045,-0.43283582089552236,0.4925373134328358,-0.3208955223880597,0.5671641791044776,-0.3656716417910448,0.3656716417910448,-0.26119402985074625,0.34328358208955223,-0.29850746268656714,0.5447761194029851,-0.16417910447761194,0.6417910447761194,-0.19402985074626866,0.4701492537313433,-0.14925373134328357,0.41044776119402987,-0.1791044776119403
2,0.0,0.0,-0.09655172413793103,-0.31724137931034485,-0.04827586206896552,-0.6344827586206897,0.041379310344827586,-0.8413793103448276,0.07586206896551724,-1.0,0.43448275862068964,-0.6551724137931034,0.2896551724137931,-0.6689655172413793,0.15862068965517243,-0.5310344827586206,0.19310344827586207,-0.496551724137931,0.5586206896551724,-0.5241379310344828,0.3448275862068966,-0.503448275862069,0.19310344827586207,-0.3793103448275862,0.2482758620689655,-0.3586206896551724,0.6137931034482759,-0.35172413793103446,0.41379310344827586,-0.31724137931034485,0.2620689655172414,-0.2413793103448276,0.30344827586206896,-0.2413793103448276,0.6344827586206897,-0.15862068965517243,0.4827586206896552,-0.13793103448275862,0.3310344827586207,-0.1103448275862069,0.3448275862068966,-0.1310344827586207
2,0.0,0.0,-0.15135135135135136,-0.2648648648648649,-0.2,-0.572972972972973,-0.2,-0.7945945945945946,-0.14594594594594595,-1.0,-0.016216216216216217,-0.6702702702702703,-0.44324324324324327,-0.5891891891891892,-0.41081081081081083,-0.4540540540540541,-0.2756756756756757,-0.43783783783783786,0.04864864864864865,-0.4864864864864865,-0.4594594594594595,-0.3945945945945946,-0.3891891891891892,-0.2918918918918919,-0.24864864864864866,-0.3027027027027027,0.05405405405405406,-0.2810810810810811,-0.42162162162162165,-0.2,-0.33513513513513515,-0.14054054054054055,-0.20540540540540542,-0.16756756756756758,0.032432432432432434,-0.08648648648648649,-0.34054054054054056,-0.05945945945945946,-0.2702702702702703,-0.02702702702702703,-0.14594594594594595,-0.043243243243243246
2,0.0,0.0,-0.03954802259887006,-0.3163841807909605,-0.14124293785310735,-0.5875706214689266,-0.22598870056497175,-0.8135593220338984,-0.24293785310734464,-1.0,-0.4124293785310734,-0.5649717514124294,-0.6214689265536724,-0.5423728813559322,-0.6271186440677966,-0.4632768361581921,-0.576271186440678,-0.4067796610169492,-0.5084745762711864,-0.4011299435028249,-0.6779661016949152,-0.3615819209039548,-0.6214689265536724,-0.288135593220339,-0.519774011299435,-0.2655367231638418,-0.5649717514124294,-0.21468926553672316,-0.6836158192090396,-0.192090395480226,-0.615819209039548,-0.14689265536723164,-0.5141242937853108,-0.12994350282485875,-0.5875706214689266,-0.03954802259887006,-0.6666666666666666,-0.03954802259887006,-0.576271186440678,-0.011299435028248588,-0.4858757062146893,-0.005649717514124294
2,0.0,0.0,0.04697986577181208,-0.3624161073825503,-0.026845637583892617,-0.6308724832214765,-0.14093959731543623,-0.8187919463087249,-0.2080536912751678,-1.0,-0.4161073825503356,-0.5436241610738255,-0.3691275167785235,-0.5704697986577181,-0.2550335570469799,-0.5167785234899329,-0.2080536912751678,-0.4563758389261745,-0.5100671140939598,-0.3691275167785235,-0.436241610738255,-0.40939597315436244,-0.348993288590604,-0.37583892617449666,-0.2953020134228188,-0.3087248322147651,-0.5369127516778524,-0.19463087248322147,-0.4697986577181208,-0.2348993288590604,-0.38926174496644295,-0.2214765100671141,-0.3288590604026846,-0.174496644295302,-0.5234899328859061,-0.03355704697986577,-0.47651006711409394,-0.06711409395973154,-0.3959731543624161,-0.06711409395973154,-0.348993288590604,-0.040268456375838924
2,0.0,0.0,0.08496732026143791,-0.30718954248366015,0.08496732026143791,-0.5816993464052288,0.0718954248366013,-0.8104575163398693,0.1111111111111111,-1.0,-0.2679738562091503,-0.6209150326797386,-0.3006535947712418,-0.6078431372549019,-0.22875816993464052,-0.5228758169934641,-0.20261437908496732,-0.46405228758169936,-0.40522875816993464,-0.49673202614379086,-0.42483660130718953,-0.49019607843137253,-0.35947712418300654,-0.42483660130718953,-0.30718954248366015,-0.35294117647058826,-0.49019607843137253,-0.3464052287581699,-0.5163398692810458,-0.35294117647058826,-0.45098039215686275,-0.3006535947712418,-0.39215686274509803,-0.24836601307189543,-0.5359477124183006,-0.1895424836601307,-0.5751633986928104,-0.20261437908496732,-0.5032679738562091,-0.16993464052287582,-0.4444444444444444,-0.13071895424836602
2,0.0,0.0,-0.015873015873015872,-0.30687830687830686,-0.09523809523809523,-0.5873015873015873,-0.14814814814814814,-0.8095238095238095,-0.12169312169312169,-1.0,-0.3544973544973545,-0.5661375661375662,-0.5608465608465608,-0.5661375661375662,-0.5343915343915344,-0.48148148148148145,-0.4603174603174603,-0.42857142857142855,-0.4603174603174603,-0.41798941798941797,-0.6243386243386243,-0.41798941798941797,-0.5714285714285714,-0.3439153439153439,-0.47619047619047616,-0.30687830687830686,-0.5291005291005291,-0.23809523809523808,-0.6349206349206349,-0.25396825396825395,-0.5714285714285714,-0.19576719576719576,-0.4708994708994709,-0.1693121693121693,-0.5608465608465608,-0.06878306878306878,-0.6349206349206349,-0.08994708994708994,-0.5502645502645502,-0.0582010582010582,-0.455026455026455,-0.042328042328042326
2,0.0,0.0,-0.012658227848101266,-0.310126582278481,-0.13291139240506328,-0.5822784810126582,-0.23417721518987342,-0.7974683544303798,-0.21518987341772153,-1.0,-0.5,-0.5759493670886076,-0.5949367088607594,-0.4936708860759494,-0.4936708860759494,-0.4050632911392405,-0.3987341772151899,-0.3670886075949367,-0.6012658227848101,-0.4240506329113924,-0.6392405063291139,-0.34177215189873417,-0.5443037974683544,-0.2721518987341772,-0.4430379746835443,-0.2468354430379747,-0.6455696202531646,-0.24050632911392406,-0.6392405063291139,-0.17721518987341772,-0.5379746835443038,-0.12658227848101267,-0.4430379746835443,-0.10759493670886076,-0.6582278481012658,-0.056962025316455694,-0.6392405063291139,0.0,-0.5316455696202531,0.03164556962025317,-0.4430379746835443,0.0379746835443038
2,0.0,0.0,-0.11504424778761062,-0.26991150442477874,-0.168141592920354,-0.588495575221239,-0.1592920353982301,-0.8185840707964602,-0.06637168141592921,-1.0,-0.05752212389380531,-0.7123893805309734,-0.4690265486725664,-0.7035398230088495,-0.4336283185840708,-0.5796460176991151,-0.30973451327433627,-0.5619469026548672,-0.022123893805309734,-0.5619469026548672,-0.5,-0.5265486725663717,-0.42035398230088494,-0.42920353982300885,-0.28761061946902655,-0.43805309734513276,-0.030973451327433628,-0.38495575221238937,-0.4646017699115044,-0.34513274336283184,-0.3672566371681416,-0.27876106194690264,-0.23893805309734514,-0.29646017699115046,-0.05309734513274336,-0.2168141592920354,-0.3938053097345133,-0.19911504424778761,-0.3141592920353982,-0.15486725663716813,-0.19469026548672566,-0.15486725663716813
0,0.0,0.0,0.20078740157480315,-0.051181102362204724,0.3661417322834646,-0.18110236220472442,0.484251968503937,-0.30708661417322836,0.594488188976378,-0.38188976377952755,0.2637795275590551,-0.46062992125984253,0.3425196850393701,-0.65748031496063,0.3937007874015748,-0.7834645669291339,0.42913385826771655,-0.9015748031496063,0.14960629921259844,-0.5,0.1968503937007874,-0.7244094488188977,0.23228346456692914,-0.8740157480314961,0.2559055118110236,-1.0,0.03543307086614173,-0.4881889763779528,0.031496062992125984,-0.7047244094488189,0.03543307086614173,-0.8503937007874016,0.03937007874015748,-0.9763779527559056,-0.07480314960629922,-0.42913385826771655,-0.14566929133858267,-0.5787401574803149,-0.18503937007874016,-0.6850393700787402,-0.2204724409448819,-0.7874015748031497
0,0.0,0.0,0.208,-0.036,0.388,-0.148,0.524,-0.252,0.636,-0.328,0.28,-0.44,0.376,-0.64,0.436,-0.772,0.48,-0.888,0.164,-0.484,0.228,-0.716,0.268,-0.872,0.296,-1.0,0.048,-0.48,0.056,-0.704,0.072,-0.856,0.084,-0.984,-0.072,-0.436,-0.124,-0.596,-0.152,-0.704,-0.176,-0.808
0,0.0,0.0,0.20987654320987653,-0.00411522633744856,0.3991769547325103,-0.09053497942386832,0.551440329218107,-0.1728395061728395,0.6748971193415638,-0.22633744855967078,0.3333333333333333,-0.411522633744856,0.4567901234567901,-0.6049382716049383,0.5308641975308642,-0.7283950617283951,0.5925925925925926,-0.8436213991769548,0.21810699588477367,-0.4732510288065844,0.3045267489711934,-0.7078189300411523,0.3662551440329218,-0.8641975308641975,0.411522633744856,-0.9917695473251029,0.09465020576131687,-0.48148148148148145,0.12757201646090535,-0.7119341563786008,0.1646090534979424,-0.8683127572016461,0.19753086419753085,-1.0,-0.02880658436213992,-0.4444444444444444,-0.07407407407407407,-0.6172839506172839,-0.09465020576131687,-0.7407407407407407,-0.10699588477366255,-0.8559670781893004
0,0.0,0.0,0.22727272727272727,0.06363636363636363,0.4636363636363636,0.031818181818181815,0.6590909090909091,-0.00909090909090909,0.8181818181818182,-0.031818181818181815,0.4954545454545455,-0.32727272727272727,0.7,-0.5,0.8272727272727273,-0.6090909090909091,0.9318181818181818,-0.7136363636363636,0.39545454545454545,-0.4318181818181818,0.5727272727272728,-0.6590909090909091,0.6954545454545454,-0.8090909090909091,0.7909090909090909,-0.9318181818181818,0.2681818181818182,-0.4863636363636364,0.39545454545454545,-0.7227272727272728,0.4909090909090909,-0.8727272727272727,0.5772727272727273,-1.0,0.12272727272727273,-0.4954545454545455,0.15,-0.7,0.17727272727272728,-0.8363636363636363,0.20909090909090908,-0.9636363636363636
0,0.0,0.0,0.176,0.112,0.376,0.164,0.548,0.192,0.68,0.232,0.524,-0.124,0.744,-0.212,0.884,-0.268,1.0,-0.316,0.464,-0.24,0.684,-0.372,0.824,-0.46,0.944,-0.528,0.376,-0.32,0.552,-0.472,0.676,-0.564,0.788,-0.64,0.252,-0.372,0.332,-0.532,0.396,-0.636,0.46,-0.728
0,0.0,0.0,0.10196078431372549,0.14901960784313725,0.24705882352941178,0.2627450980392157,0.3764705882352941,0.34901960784313724,0.47058823529411764,0.4196078431372549,0.47058823529411764,0.047058823529411764,0.6980392156862745,0.054901960784313725,0.8431372549019608,0.050980392156862744,0.9725490196078431,0.0392156862745098,0.4627450980392157,-0.0784313725490196,0.7019607843137254,-0.11372549019607843,0.8666666666666667,-0.1450980392156863,1.0,-0.17254901960784313,0.4117647058823529,-0.1843137254901961,0.6235294117647059,-0.2549019607843137,0.7764705882352941,-0.3058823529411765,0.9058823529411765,-0.3411764705882353,0.3137254901960784,-0.27450980392156865,0.44313725490196076,-0.396078431372549,0.5294117647058824,-0.47843137254901963,0.611764705882353,-0.5490196078431373
0,0.0,0.0,0.020833333333333332,0.16666666666666666,0.0875,0.3375,0.14166666666666666,0.48333333333333334,0.15833333333333333,0.6166666666666667,0.4041666666666667,0.2375,0.6166666666666667,0.3458333333333333,0.7458333333333333,0.4166666666666667,0.8583333333333333,0.48333333333333334,0.4583333333333333,0.1125,0.6958333333333333,0.2,0.8583333333333333,0.2625,1.0,0.31666666666666665,0.4583333333333333,-0.0125,0.6875,0.029166666666666667,0.85,0.058333333333333334,0.9875,0.09166666666666666,0.4166666666666667,-0.14166666666666666,0.6,-0.1875,0.725,-0.22083333333333333,0.85,-0.24583333333333332
0,0.0,0.0,-0.037209302325581395,0.17674418604651163,-0.018604651162790697,0.3813953488372093,-0.009302325581395349,0.5534883720930233,-0.023255813953488372,0.6883720930232559,0.35348837209302325,0.3627906976744186,0.5348837209302325,0.5302325581395348,0.641860465116279,0.6372093023255814,0.7395348837209302,0.7348837209302326,0.44651162790697674,0.24651162790697675,0.6697674418604651,0.3953488372093023,0.8186046511627907,0.4930232558139535,0.9488372093023256,0.5813953488372093,0.48372093023255813,0.12093023255813953,0.7116279069767442,0.2186046511627907,0.8651162790697674,0.27906976744186046,1.0,0.34418604651162793,0.4744186046511628,-0.027906976744186046,0.6744186046511628,-0.023255813953488372,0.8093023255813954,-0.03255813953488372,0.9395348837209302,-0.027906976744186046
0,0.0,0.0,-0.08040201005025126,0.18592964824120603,-0.11055276381909548,0.4120603015075377,-0.1407035175879397,0.5979899497487438,-0.18090452261306533,0.7437185929648241,0.2663316582914573,0.4824120603015075,0.4020100502512563,0.7185929648241206,0.4824120603015075,0.864321608040201,0.5527638190954773,1.0,0.3869346733668342,0.39195979899497485,0.5778894472361809,0.6080402010050251,0.7035175879396985,0.7487437185929648,0.8190954773869347,0.8743718592964824,0.457286432160804,0.2663316582914573,0.6633165829145728,0.4321608040201005,0.7989949748743719,0.5477386934673367,0.9246231155778895,0.6532663316582915,0.4824120603015075,0.10552763819095477,0.6884422110552764,0.1507537688442211,0.8241206030150754,0.18090452261306533,0.9547738693467337,0.21608040201005024
0,0.0,0.0,-0.028169014084507043,0.20187793427230047,-0.004694835680751174,0.4225352112676056,0.028169014084507043,0.6009389671361502,0.03755868544600939,0.7417840375586855,0.3755868544600939,0.40375586854460094,0.5539906103286385,0.5774647887323944,0.6525821596244131,0.6901408450704225,0.7417840375586855,0.7887323943661971,0.4647887323943662,0.29577464788732394,0.6901408450704225,0.45539906103286387,0.8403755868544601,0.5633802816901409,0.971830985915493,0.6572769953051644,0.49765258215962443,0.1596244131455399,0.7276995305164319,0.27230046948356806,0.8779342723004695,0.352112676056338,1.0,0.431924882629108,0.4835680751173709,0.0,0.6854460093896714,0.0,0.8215962441314554,0.009389671361502348,0.9483568075117371,0.023474178403755867
0,0.0,0.0,0.08661417322834646,0.16141732283464566,0.20866141732283464,0.2755905511811024,0.32677165354330706,0.3543307086614173,0.41338582677165353,0.41732283464566927,0.46062992125984253,0.0984251968503937,0.6811023622047244,0.14566929133858267,0.8188976377952756,0.18110236220472442,0.937007874015748,0.20866141732283464,0.47244094488188976,-0.023622047244094488,0.7086614173228346,-0.027559055118110236,0.8740157480314961,-0.027559055118110236,1.0,-0.027559055118110236,0.42913385826771655,-0.12992125984251968,0.6456692913385826,-0.1732283464566929,0.8031496062992126,-0.19291338582677164,0.9291338582677166,-0.2047244094488189,0.3464566929133858,-0.22440944881889763,0.4921259842519685,-0.33070866141732286,0.5984251968503937,-0.39763779527559057,0.6929133858267716,-0.44881889763779526
0,0.0,0.0,0.23255813953488372,0.013953488372093023,0.4604651162790698,-0.046511627906976744,0.641860465116279,-0.12093023255813953,0.7906976744186046,-0.15813953488372093,0.4697674418604651,-0.3953488372093023,0.6465116279069767,-0.5674418604651162,0.7581395348837209,-0.6744186046511628,0.8511627906976744,-0.7767441860465116,0.3674418604651163,-0.48372093023255813,0.5255813953488372,-0.6930232558139535,0.6325581395348837,-0.8232558139534883,0.7209302325581395,-0.9348837209302325,0.24186046511627907,-0.5162790697674419,0.3395348837209302,-0.7395348837209302,0.4186046511627907,-0.8837209302325582,0.4930232558139535,-1.0,0.09767441860465116,-0.5023255813953489,0.09767441860465116,-0.6883720930232559,0.11162790697674418,-0.8186046511627907,0.13488372093023257,-0.9395348837209302
0,0.0,0.0,0.1836734693877551,-0.09795918367346938,0.3142857142857143,-0.2530612244897959,0.40816326530612246,-0.39183673469387753,0.4857142857142857,-0.4897959183673469,0.1346938775510204,-0.4857142857142857,0.16326530612244897,-0.6938775510204082,0.1836734693877551,-0.8244897959183674,0.19591836734693877,-0.9428571428571428,0.00816326530612245,-0.49795918367346936,0.00816326530612245,-0.7224489795918367,0.012244897959183673,-0.8775510204081632,0.00816326530612245,-1.0,-0.10204081632653061,-0.45714285714285713,-0.15510204081632653,-0.6653061224489796,-0.1836734693877551,-0.8163265306122449,-0.20408163265306123,-0.9346938775510204,-0.19591836734693877,-0.37551020408163266,-0.3020408163265306,-0.5061224489795918,-0.37142857142857144,-0.6081632653061224,-0.4326530612244898,-0.6979591836734694
0,0.0,0.0,0.1598360655737705,-0.13114754098360656,0.2540983606557377,-0.3237704918032787,0.3114754098360656,-0.48360655737704916,0.36475409836065575,-0.6024590163934426,0.0,-0.5081967213114754,-0.020491803278688523,-0.7254098360655737,-0.03278688524590164,-0.8647540983606558,-0.05327868852459016,-0.9918032786885246,-0.13114754098360656,-0.48770491803278687,-0.19262295081967212,-0.7172131147540983,-0.2336065573770492,-0.8729508196721312,-0.27049180327868855,-1.0,-0.2336065573770492,-0.4262295081967213,-0.3524590163934426,-0.6188524590163934,-0.42213114754098363,-0.7540983606557377,-0.47540983606557374,-0.8729508196721312,-0.3073770491803279,-0.3237704918032787,-0.45901639344262296,-0.42213114754098363,-0.5614754098360656,-0.4959016393442623,-0.6516393442622951,-0.5737704918032787
0,0.0,0.0,0.125,-0.18951612903225806,0.14919354838709678,-0.4153225806451613,0.1532258064516129,-0.5967741935483871,0.16129032258064516,-0.7258064516129032,-0.16129032258064516,-0.5161290322580645,-0.27419354838709675,-0.7298387096774194,-0.34274193548387094,-0.8709677419354839,-0.40725806451612906,-1.0,-0.2903225806451613,-0.4435483870967742,-0.45564516129032256,-0.6532258064516129,-0.5604838709677419,-0.8064516129032258,-0.6491935483870968,-0.9314516129032258,-0.375,-0.34274193548387094,-0.5766129032258065,-0.4959677419354839,-0.7137096774193549,-0.6209677419354839,-0.8185483870967742,-0.7298387096774194,-0.41935483870967744,-0.20967741935483872,-0.6169354838709677,-0.25806451612903225,-0.7540322580645161,-0.29838709677419356,-0.875,-0.34274193548387094
0,0.0,0.0,0.09795918367346938,-0.20408163265306123,0.08163265306122448,-0.43673469387755104,0.061224489795918366,-0.6204081632653061,0.06938775510204082,-0.7673469387755102,-0.22040816326530613,-0.5061224489795918,-0.37142857142857144,-0.7142857142857143,-0.46530612244897956,-0.8653061224489796,-0.5469387755102041,-1.0,-0.3306122448979592,-0.40816326530612246,-0.5387755102040817,-0.6081632653061224,-0.673469387755102,-0.7551020408163265,-0.7836734693877551,-0.8816326530612245,-0.3877551020408163,-0.2816326530612245,-0.6163265306122448,-0.4163265306122449,-0.7877551020408163,-0.5306122448979592,-0.926530612244898,-0.6408163265306123,-0.39183673469387753,-0.1346938775510204,-0.5877551020408164,-0.1510204081632653,-0.726530612244898,-0.17142857142857143,-0.8530612244897959,-0.2
0,0.0,0.0,0.06060606060606061,-0.24242424242424243,-0.010101010101010102,-0.46464646464646464,-0.12121212121212122,-0.6363636363636364,-0.15151515151515152,-0.7727272727272727,-0.26262626262626265,-0.5656565656565656,-0.4696969696969697,-0.7474747474747475,-0.5959595959595959,-0.7929292929292929,-0.6666666666666666,-0.7929292929292929,-0.3838383838383838,-0.4444444444444444,-0.6767676767676768,-0.6161616161616161,-0.8282828282828283,-0.6666666666666666,-0.9242424242424242,-0.6717171717171717,-0.4595959595959596,-0.2878787878787879,-0.7626262626262627,-0.3939393939393939,-0.9090909090909091,-0.4292929292929293,-1.0,-0.4494949494949495,-0.494949494949495,-0.12121212121212122,-0.7525252525252525,-0.17676767676767677,-0.8787878787878788,-0.21212121212121213,-0.9747474747474747,-0.24242424242424243
0,0.0,0.0,0.13333333333333333,-0.2833333333333333,0.10555555555555556,-0.5166666666666667,0.022222222222222223,-0.7111111111111111,-0.016666666666666666,-0.85,-0.14444444444444443,-0.7222222222222222,-0.31666666666666665,-0.9555555555555556,-0.4166666666666667,-1.0,-0.46111111111111114,-0.9777777777777777,-0.3111111111111111,-0.6333333333333333,-0.5777777777777777,-0.8888888888888888,-0.7111111111111111,-0.9666666666666667,-0.7888888888888889,-0.9777777777777777,-0.4444444444444444,-0.48333333333333334,-0.7277777777777777,-0.6777777777777778,-0.8388888888888889,-0.75,-0.9,-0.7777777777777778,-0.5333333333333333,-0.3055555555555556,-0.7888888888888889,-0.43333333333333335,-0.8944444444444445,-0.5111111111111111,-0.9666666666666667,-0.5722222222222222
0,0.0,0.0,0.08163265306122448,-0.2755102040816326,0.030612244897959183,-0.5204081632653061,-0.07142857142857142,-0.7193877551020408,-0.10204081632653061,-0.8724489795918368,-0.22448979591836735,-0.6530612244897959,-0.44387755102040816,-0.8979591836734694,-0.576530612244898,-0.9642857142857143,-0.6530612244897959,-0.9693877551020408,-0.3622448979591837,-0.5408163265306123,-0.6632653061224489,-0.7704081632653061,-0.8163265306122449,-0.8520408163265306,-0.9132653061224489,-0.8775510204081632,-0.4642857142857143,-0.3826530612244898,-0.7704081632653061,-0.5561224489795918,-0.9132653061224489,-0.6224489795918368,-1.0,-0.6530612244897959,-0.5306122448979592,-0.20408163265306123,-0.7857142857142857,-0.3112244897959184,-0.9030612244897959,-0.3673469387755102,-0.9795918367346939,-0.40816326530612246
0,0.0,0.0,-0.06498194945848375,-0.20216606498194944,-0.22382671480144403,-0.35379061371841153,-0.38267148014440433,-0.4693140794223827,-0.4693140794223827,-0.5595667870036101,-0.35018050541516244,-0.33574007220216606,-0.631768953068592,-0.3862815884476534,-0.7906137184115524,-0.37545126353790614,-0.8989169675090253,-0.36101083032490977,-0.36462093862815886,-0.19855595667870035,-0.6931407942238267,-0.22382671480144403,-0.8772563176895307,-0.20938628158844766,-1.0,-0.19133574007220217,-0.36462093862815886,-0.05776173285198556,-0.6678700361010831,-0.02527075812274368,-0.8375451263537906,0.0036101083032490976,-0.9566787003610109,0.01444043321299639,-0.34657039711191334,0.07581227436823104,-0.5848375451263538,0.11552346570397112,-0.7003610108303249,0.148014440433213,-0.7942238267148014,0.16606498194945848
0,0.0,0.0,0.22857142857142856,-0.04,0.41714285714285715,-0.16,0.5257142857142857,-0.3028571428571429,0.6057142857142858,-0.44,0.33714285714285713,-0.46285714285714286,0.44,-0.6628571428571428,0.5085714285714286,-0.7828571428571428,0.5657142857142857,-0.9085714285714286,0.2057142857142857,-0.5085714285714286,0.26857142857142857,-0.7257142857142858,0.3142857142857143,-0.8685714285714285,0.35428571428571426,-1.0,0.08,-0.49142857142857144,0.09142857142857143,-0.68,0.12,-0.8,0.14857142857142858,-0.8971428571428571,-0.045714285714285714,-0.4342857142857143,-0.06857142857142857,-0.5771428571428572,-0.05714285714285714,-0.6628571428571428,-0.04,-0.7371428571428571
0,0.0,0.0,0.25748502994011974,0.0,0.47904191616766467,-0.08982035928143713,0.6167664670658682,-0.2215568862275449,0.7305389221556886,-0.3413173652694611,0.4550898203592814,-0.437125748502994,0.592814371257485,-0.6227544910179641,0.6766467065868264,-0.7425149700598802,0.7425149700598802,-0.8682634730538922,0.32335329341317365,-0.5089820359281437,0.4251497005988024,-0.718562874251497,0.48502994011976047,-0.8682634730538922,0.5329341317365269,-1.0,0.17964071856287425,-0.5269461077844312,0.23353293413173654,-0.7125748502994012,0.2754491017964072,-0.8383233532934131,0.30538922155688625,-0.9401197604790419,0.03592814371257485,-0.49700598802395207,0.041916167664670656,-0.6467065868263473,0.059880239520958084,-0.7305389221556886,0.07784431137724551,-0.7964071856287425
0,0.0,0.0,0.22151898734177214,0.0949367088607595,0.4873417721518987,0.08227848101265822,0.6835443037974683,-0.012658227848101266,0.8417721518987342,-0.11392405063291139,0.6139240506329114,-0.3291139240506329,0.8164556962025317,-0.4873417721518987,0.9240506329113924,-0.6012658227848101,1.0,-0.7215189873417721,0.5063291139240507,-0.4620253164556962,0.6708860759493671,-0.6645569620253164,0.759493670886076,-0.810126582278481,0.810126582278481,-0.9430379746835443,0.37341772151898733,-0.5253164556962026,0.4810126582278481,-0.7215189873417721,0.5316455696202531,-0.8417721518987342,0.5506329113924051,-0.9367088607594937,0.21518987341772153,-0.5443037974683544,0.25949367088607594,-0.7025316455696202,0.27848101265822783,-0.7848101265822784,0.27848101265822783,-0.8354430379746836
0,0.0,0.0,0.10179640718562874,0.15568862275449102,0.2994011976047904,0.2634730538922156,0.49101796407185627,0.2754491017964072,0.6227544910179641,0.20958083832335328,0.6526946107784432,-0.059880239520958084,0.874251497005988,-0.1437125748502994,0.9640718562874252,-0.23952095808383234,1.0,-0.3413173652694611,0.6287425149700598,-0.23353293413173654,0.8682634730538922,-0.3592814371257485,0.9640718562874252,-0.47904191616766467,0.9820359281437125,-0.5988023952095808,0.5508982035928144,-0.3473053892215569,0.7305389221556886,-0.5029940119760479,0.7664670658682635,-0.6167664670658682,0.7425149700598802,-0.7125748502994012,0.4311377245508982,-0.437125748502994,0.5269461077844312,-0.5808383233532934,0.5389221556886228,-0.6646706586826348,0.5029940119760479,-0.7245508982035929
0,0.0,0.0,0.1676300578034682,0.10982658959537572,0.4046242774566474,0.1676300578034682,0.6011560693641619,0.13872832369942195,0.7341040462427746,0.05202312138728324,0.630057803468208,-0.1907514450867052,0.8439306358381503,-0.2947976878612717,0.9421965317919075,-0.3872832369942196,1.0,-0.4913294797687861,0.5838150289017341,-0.3352601156069364,0.791907514450867,-0.4797687861271676,0.8959537572254336,-0.6011560693641619,0.9364161849710982,-0.7109826589595376,0.48554913294797686,-0.42196531791907516,0.6242774566473989,-0.5895953757225434,0.6705202312138728,-0.6994219653179191,0.6705202312138728,-0.7861271676300579,0.35260115606936415,-0.4797687861271676,0.4277456647398844,-0.6184971098265896,0.4508670520231214,-0.7109826589595376,0.4508670520231214,-0.7803468208092486
0,0.0,0.0,0.22815533980582525,-0.024271844660194174,0.441747572815534,-0.12135922330097088,0.5825242718446602,-0.2524271844660194,0.6504854368932039,-0.3737864077669903,0.38349514563106796,-0.441747572815534,0.5048543689320388,-0.6359223300970874,0.558252427184466,-0.7572815533980582,0.5970873786407767,-0.8640776699029126,0.27184466019417475,-0.5048543689320388,0.3592233009708738,-0.7330097087378641,0.4029126213592233,-0.8786407766990292,0.4174757281553398,-1.0,0.1553398058252427,-0.5145631067961165,0.18446601941747573,-0.7184466019417476,0.20388349514563106,-0.8398058252427184,0.21359223300970873,-0.9320388349514563,0.02912621359223301,-0.4854368932038835,0.024271844660194174,-0.6262135922330098,0.024271844660194174,-0.7184466019417476,0.024271844660194174,-0.7912621359223301
0,0.0,0.0,0.20833333333333334,-0.11574074074074074,0.35648148148148145,-0.2638888888888889,0.42592592592592593,-0.41203703703703703,0.4537037037037037,-0.5416666666666666,0.1712962962962963,-0.49074074074074076,0.19907407407407407,-0.7083333333333334,0.2222222222222222,-0.8425925925925926,0.24074074074074073,-0.9629629629629629,0.032407407407407406,-0.5,0.027777777777777776,-0.7222222222222222,0.027777777777777776,-0.8703703703703703,0.023148148148148147,-1.0,-0.08796296296296297,-0.4537037037037037,-0.125,-0.6527777777777778,-0.12962962962962962,-0.7777777777777778,-0.12962962962962962,-0.8888888888888888,-0.19907407407407407,-0.37037037037037035,-0.2638888888888889,-0.5092592592592593,-0.28703703703703703,-0.6064814814814815,-0.30092592592592593,-0.6944444444444444
0,0.0,0.0,0.1024390243902439,-0.2097560975609756,0.0975609756097561,-0.4292682926829268,0.05853658536585366,-0.5951219512195122,0.01951219512195122,-0.7219512195121951,-0.23414634146341465,-0.5121951219512195,-0.32682926829268294,-0.7219512195121951,-0.3463414634146341,-0.8634146341463415,-0.3463414634146341,-1.0,-0.3463414634146341,-0.44878048780487806,-0.47317073170731705,-0.6585365853658537,-0.526829268292683,-0.824390243902439,-0.551219512195122,-0.9804878048780488,-0.4195121951219512,-0.35121951219512193,-0.5560975609756098,-0.5365853658536586,-0.6146341463414634,-0.6926829268292682,-0.6487804878048781,-0.8439024390243902,-0.4585365853658537,-0.22439024390243903,-0.6,-0.33658536585365856,-0.6829268292682927,-0.44878048780487806,-0.7365853658536585,-0.5707317073170731
0,0.0,0.0,0.01932367149758454,-0.2560386473429952,-0.08695652173913043,-0.463768115942029,-0.18357487922705315,-0.5990338164251208,-0.2608695652173913,-0.7342995169082126,-0.3961352657004831,-0.5024154589371981,-0.5603864734299517,-0.6811594202898551,-0.5990338164251208,-0.8454106280193237,-0.5942028985507246,-1.0,-0.4396135265700483,-0.4106280193236715,-0.6521739130434783,-0.5845410628019324,-0.7053140096618358,-0.7536231884057971,-0.7101449275362319,-0.9178743961352657,-0.4396135265700483,-0.28502415458937197,-0.6328502415458938,-0.4396135265700483,-0.6956521739130435,-0.5942028985507246,-0.7198067632850241,-0.7439613526570048,-0.391304347826087,-0.1497584541062802,-0.5362318840579711,-0.24154589371980675,-0.6183574879227053,-0.3526570048309179,-0.6859903381642513,-0.47342995169082125
0,0.0,0.0,0.0735930735930736,-0.24242424242424243,0.03463203463203463,-0.45021645021645024,-0.008658008658008658,-0.5887445887445888,-0.03463203463203463,-0.7402597402597403,-0.22943722943722944,-0.5411255411255411,-0.3333333333333333,-0.7272727272727273,-0.3116883116883117,-0.8701298701298701,-0.2510822510822511,-1.0,-0.2813852813852814,-0.4458874458874459,-0.43722943722943725,-0.6277056277056277,-0.4329004329004329,-0.7792207792207793,-0.3852813852813853,-0.9090909090909091,-0.2943722943722944,-0.31601731601731603,-0.43722943722943725,-0.4675324675324675,-0.44155844155844154,-0.6017316017316018,-0.4199134199134199,-0.7142857142857143,-0.2683982683982684,-0.1774891774891775,-0.36363636363636365,-0.2727272727272727,-0.38961038961038963,-0.38095238095238093,-0.4025974025974026,-0.4805194805194805
0,0.0,0.0,0.25,-0.13636363636363635,0.44886363636363635,-0.3409090909090909,0.5909090909090909,-0.5,0.6931818181818182,-0.6477272727272727,0.17045454545454544,-0.6306818181818182,0.19886363636363635,-0.8693181818181818,0.2727272727272727,-0.9488636363636364,0.375,-0.9602272727272727,-0.011363636363636364,-0.6022727272727273,-0.10227272727272728,-0.8579545454545454,-0.056818181818181816,-0.9772727272727273,0.03977272727272727,-1.0,-0.1590909090909091,-0.48863636363636365,-0.2897727272727273,-0.7159090909090909,-0.26136363636363635,-0.8068181818181818,-0.1875,-0.8238636363636364,-0.26704545454545453,-0.32386363636363635,-0.4318181818181818,-0.45454545454545453,-0.4943181818181818,-0.5397727272727273,-0.5,-0.5852272727272727
0,0.0,0.0,0.32571428571428573,0.011428571428571429,0.5714285714285714,-0.005714285714285714,0.7885714285714286,0.02857142857142857,1.0,0.08,0.44,-0.30857142857142855,0.5771428571428572,-0.22857142857142856,0.6457142857142857,-0.05714285714285714,0.6971428571428572,0.09714285714285714,0.2342857142857143,-0.3485714285714286,0.32,-0.2914285714285714,0.38285714285714284,-0.022857142857142857,0.42857142857142855,0.18285714285714286,0.02857142857142857,-0.30857142857142855,0.045714285714285714,-0.21142857142857144,0.09142857142857143,0.06285714285714286,0.14285714285714285,0.2571428571428571,-0.1657142857142857,-0.21142857142857144,-0.2,-0.05142857142857143,-0.17714285714285713,0.14857142857142858,-0.13714285714285715,0.2914285714285714
0,0.0,0.0,-0.22869955156950672,0.08071748878923767,-0.336322869955157,0.2556053811659193,-0.38565022421524664,0.4260089686098655,-0.3632286995515695,0.5650224215246636,-0.26905829596412556,0.17937219730941703,-0.33183856502242154,0.452914798206278,-0.34977578475336324,0.6278026905829597,-0.3542600896860987,0.7623318385650224,-0.1031390134529148,0.16143497757847533,-0.08520179372197309,0.5560538116591929,-0.09417040358744394,0.8026905829596412,-0.09865470852017937,0.9865470852017937,0.053811659192825115,0.17040358744394618,0.07174887892376682,0.5695067264573991,0.06278026905829596,0.8161434977578476,0.05829596412556054,1.0,0.18385650224215247,0.2062780269058296,0.21076233183856502,0.5022421524663677,0.21524663677130046,0.6367713004484304,0.20179372197309417,0.7309417040358744
1,0.0,0.0,-0.4146341463414634,-0.10569105691056911,-0.7073170731707317,-0.37398373983739835,-0.8617886178861789,-0.7073170731707317,-0.967479674796748,-1.0,-0.7073170731707317,-0.6585365853658537,-0.7723577235772358,-0.9512195121951219,-0.6585365853658537,-0.6747967479674797,-0.6422764227642277,-0.6097560975609756,-0.4878048780487805,-0.7073170731707317,-0.5284552845528455,-0.967479674796748,-0.43089430894308944,-0.6097560975609756,-0.45528455284552843,-0.6178861788617886,-0.2601626016260163,-0.7235772357723578,-0.3008130081300813,-0.943089430894309,-0.24390243902439024,-0.5934959349593496,-0.2682926829268293,-0.5853658536585366,-0.016260162601626018,-0.7317073170731707,-0.08130081300813008,-0.926829268292683,-0.08130081300813008,-0.6747967479674797,-0.08943089430894309,-0.6178861788617886
1,0.0,0.0,-0.35333333333333333,0.04666666666666667,-0.6533333333333333,-0.03333333333333333,-0.8666666666666667,-0.2,-1.0,-0.3933333333333333,-0.7266666666666667,-0.30666666666666664,-0.9133333333333333,-0.43333333333333335,-0.7466666666666667,-0.28,-0.68,-0.24,-0.5733333333333334,-0.4066666666666667,-0.7333333333333333,-0.52,-0.5466666666666666,-0.3,-0.5466666666666666,-0.32,-0.4066666666666667,-0.49333333333333335,-0.52,-0.5666666666666667,-0.38,-0.3333333333333333,-0.38666666666666666,-0.36,-0.24,-0.5733333333333334,-0.3333333333333333,-0.6,-0.26,-0.42,-0.26,-0.41333333333333333
1,0.0,0.0,-0.25625,0.16875,-0.55,0.23125,-0.8125,0.1875,-1.0,0.08125,-0.7375,0.0625,-0.93125,0.0,-0.71875,0.0625,-0.65,0.075,-0.65,-0.09375,-0.81875,-0.15625,-0.55625,-0.04375,-0.5625,-0.04375,-0.54375,-0.24375,-0.66875,-0.29375,-0.44375,-0.15,-0.45625,-0.1375,-0.425,-0.38125,-0.54375,-0.4125,-0.40625,-0.28125,-0.39375,-0.25625
1,0.0,0.0,-0.176056338028169,0.2676056338028169,-0.45774647887323944,0.47183098591549294,-0.7605633802816901,0.5422535211267606,-1.0,0.528169014084507,-0.7112676056338029,0.3732394366197183,-0.9295774647887324,0.3732394366197183,-0.6690140845070423,0.34507042253521125,-0.6197183098591549,0.34507042253521125,-0.6971830985915493,0.18309859154929578,-0.9014084507042254,0.16901408450704225,-0.5774647887323944,0.176056338028169,-0.6056338028169014,0.19014084507042253,-0.647887323943662,-0.014084507042253521,-0.8169014084507042,-0.035211267605633804,-0.5211267605633803,0.014084507042253521,-0.5422535211267606,0.028169014084507043,-0.5985915492957746,-0.2112676056338028,-0.7464788732394366,-0.20422535211267606,-0.5422535211267606,-0.14084507042253522,-0.5211267605633803,-0.1267605633802817
1,0.0,0.0,-0.20833333333333334,0.2222222222222222,-0.5208333333333334,0.3541666666666667,-0.8055555555555556,0.3541666666666667,-1.0,0.2708333333333333,-0.75,0.18055555555555555,-0.9583333333333334,0.14583333333333334,-0.75,0.19444444444444445,-0.6944444444444444,0.2152777777777778,-0.6944444444444444,0.006944444444444444,-0.8680555555555556,-0.034722222222222224,-0.5763888888888888,0.0625,-0.5972222222222222,0.0763888888888889,-0.6041666666666666,-0.1597222222222222,-0.7569444444444444,-0.20833333333333334,-0.4861111111111111,-0.08333333333333333,-0.4930555555555556,-0.06944444444444445,-0.5,-0.3263888888888889,-0.6458333333333334,-0.3541666666666667,-0.4652777777777778,-0.24305555555555555,-0.4375,-0.2152777777777778
1,0.0,0.0,-0.3805970149253731,-0.014925373134328358,-0.6940298507462687,-0.19402985074626866,-0.8805970149253731,-0.44029850746268656,-1.0,-0.6567164179104478,-0.7238805970149254,-0.5,-0.8880597014925373,-0.7014925373134329,-0.753731343283582,-0.4925373134328358,-0.7014925373134329,-0.44029850746268656,-0.5373134328358209,-0.5895522388059702,-0.664179104477612,-0.753731343283582,-0.5223880597014925,-0.4552238805970149,-0.5373134328358209,-0.48507462686567165,-0.3358208955223881,-0.6567164179104478,-0.4253731343283582,-0.753731343283582,-0.31343283582089554,-0.4626865671641791,-0.3208955223880597,-0.5074626865671642,-0.13432835820895522,-0.7089552238805971,-0.20149253731343283,-0.7611940298507462,-0.1417910447761194,-0.5373134328358209,-0.14925373134328357,-0.5522388059701493
1,0.0,0.0,-0.29375,-0.1875,-0.43125,-0.48125,-0.45625,-0.7625,-0.45625,-1.0,-0.3,-0.6875,-0.28125,-0.9125,-0.3,-0.6875,-0.30625,-0.61875,-0.125,-0.65,-0.10625,-0.8625,-0.1625,-0.5625,-0.16875,-0.55625,0.05625,-0.59375,0.0625,-0.75625,-0.0125,-0.48125,-0.01875,-0.4625,0.23125,-0.51875,0.225,-0.68125,0.14375,-0.49375,0.13125,-0.44375
1,0.0,0.0,-0.1631578947368421,-0.2894736842105263,-0.16842105263157894,-0.5894736842105263,-0.08947368421052632,-0.8263157894736842,0.015789473684210527,-1.0,0.12105263157894737,-0.7,0.07894736842105263,-0.8578947368421053,-0.010526315789473684,-0.6578947368421053,0.021052631578947368,-0.5947368421052631,0.24210526315789474,-0.6210526315789474,0.16842105263157894,-0.7631578947368421,0.03684210526315789,-0.5210526315789473,0.12105263157894737,-0.5210526315789473,0.34210526315789475,-0.5105263157894737,0.24736842105263157,-0.6263157894736842,0.11052631578947368,-0.4105263157894737,0.18421052631578946,-0.39473684210526316,0.4368421052631579,-0.37894736842105264,0.35789473684210527,-0.5,0.22631578947368422,-0.3684210526315789,0.26842105263157895,-0.33157894736842103
1,0.0,0.0,0.09848484848484848,-0.4621212121212121,0.4015151515151515,-0.7272727272727273,0.6515151515151515,-0.8787878787878788,0.8409090909090909,-1.0,0.9242424242424242,-0.45454545454545453,0.7878787878787878,-0.8181818181818182,0.5151515151515151,-0.75,0.49242424242424243,-0.6136363636363636,0.9393939393939394,-0.22727272727272727,0.7196969696969697,-0.6439393939393939,0.4090909090909091,-0.5303030303030303,0.4393939393939394,-0.3787878787878788,0.8636363636363636,-0.022727272727272728,0.6060606060606061,-0.42424242424242425,0.3484848484848485,-0.3333333333333333,0.3939393939393939,-0.19696969696969696,0.7272727272727273,0.13636363636363635,0.49242424242424243,-0.1893939393939394,0.29545454545454547,-0.14393939393939395,0.3106060606060606,-0.015151515151515152
1,0.0,0.0,0.1891891891891892,-0.3716216216216216,0.5472972972972973,-0.5202702702702703,0.8108108108108109,-0.5878378378378378,1.0,-0.6418918918918919,0.9324324324324325,-0.12837837837837837,0.8851351351351351,-0.5,0.6216216216216216,-0.5405405405405406,0.527027027027027,-0.4527027027027027,0.8513513513513513,0.08783783783783784,0.7094594594594594,-0.3783783783783784,0.4391891891891892,-0.38513513513513514,0.3918918918918919,-0.25675675675675674,0.6824324324324325,0.23648648648648649,0.5067567567567568,-0.21621621621621623,0.2905405405405405,-0.21621621621621623,0.25675675675675674,-0.0945945945945946,0.47297297297297297,0.32432432432432434,0.3310810810810811,-0.02027027027027027,0.17567567567567569,-0.05405405405405406,0.13513513513513514,0.033783783783783786
1,0.0,0.0,0.3151515151515151,-0.23636363636363636,0.6484848484848484,-0.30303030303030304,0.896969696969697,-0.3212121212121212,1.0,-0.2909090909090909,0.9030303030303031,0.18181818181818182,0.8606060606060606,-0.1696969696969697,0.6484848484848484,-0.23636363636363636,0.6,-0.15151515151515152,0.7393939393939394,0.3696969696969697,0.6303030303030303,-0.10909090909090909,0.44242424242424244,-0.1696969696969697,0.42424242424242425,-0.06060606060606061,0.5151515151515151,0.45454545454545453,0.3939393939393939,-0.006060606060606061,0.2606060606060606,-0.05454545454545454,0.2545454545454545,0.048484848484848485,0.2787878787878788,0.4909090909090909,0.2,0.1393939393939394,0.12727272727272726,0.048484848484848485,0.11515151515151516,0.10303030303030303
1,0.0,0.0,0.37058823529411766,-0.12941176470588237,0.6941176470588235,-0.09411764705882353,0.9176470588235294,-0.052941176470588235,1.0,-0.011764705882352941,0.8352941176470589,0.4117647058823529,0.8352941176470589,0.047058823529411764,0.6647058823529411,-0.058823529411764705,0.6058823529411764,0.029411764705882353,0.611764705882353,0.5470588235294118,0.6,0.07647058823529412,0.4647058823529412,-0.01764705882352941,0.4176470588235294,0.07647058823529412,0.36470588235294116,0.5764705882352941,0.35294117647058826,0.13529411764705881,0.2647058823529412,0.041176470588235294,0.2411764705882353,0.12941176470588237,0.12352941176470589,0.5470588235294118,0.11764705882352941,0.22941176470588234,0.08823529411764706,0.11764705882352941,0.08235294117647059,0.1588235294117647
1,0.0,0.0,0.16891891891891891,-0.40540540540540543,0.5405405405405406,-0.6081081081081081,0.7972972972972973,-0.7027027027027027,1.0,-0.8108108108108109,1.0,-0.2905405405405405,0.9797297297297297,-0.6283783783783784,0.6959459459459459,-0.6891891891891891,0.5472972972972973,-0.6351351351351351,0.9864864864864865,-0.06756756756756757,0.8175675675675675,-0.4864864864864865,0.5135135135135135,-0.49324324324324326,0.46621621621621623,-0.3716216216216216,0.8716216216216216,0.10135135135135136,0.668918918918919,-0.2972972972972973,0.40540540540540543,-0.2905405405405405,0.38513513513513514,-0.17567567567567569,0.7027027027027027,0.23648648648648649,0.5202702702702703,-0.10135135135135136,0.33783783783783783,-0.12162162162162163,0.31756756756756754,-0.006756756756756757
1,0.0,0.0,-0.20218579234972678,-0.2677595628415301,-0.20765027322404372,-0.5956284153005464,-0.14754098360655737,-0.8306010928961749,-0.06557377049180328,-1.0,0.15846994535519127,-0.7814207650273224,-0.02185792349726776,-0.8360655737704918,-0.1092896174863388,-0.6338797814207651,-0.07103825136612021,-0.5683060109289617,0.31693989071038253,-0.6830601092896175,0.03825136612021858,-0.6721311475409836,-0.0546448087431694,-0.4644808743169399,0.04371584699453552,-0.45901639344262296,0.4207650273224044,-0.5409836065573771,0.14207650273224043,-0.5081967213114754,0.03825136612021858,-0.3442622950819672,0.12568306010928962,-0.3442622950819672,0.48633879781420764,-0.3879781420765027,0.25136612021857924,-0.3770491803278688,0.14207650273224043,-0.2677595628415301,0.1912568306010929,-0.2568306010928962
1,0.0,0.0,-0.4330708661417323,-0.08661417322834646,-0.7716535433070866,-0.31496062992125984,-0.9448818897637795,-0.5433070866141733,-0.984251968503937,-0.7401574803149606,-0.6614173228346457,-0.937007874015748,-0.8110236220472441,-0.7716535433070866,-0.7165354330708661,-0.4881889763779528,-0.6377952755905512,-0.41732283464566927,-0.3937007874015748,-1.0,-0.5354330708661418,-0.6456692913385826,-0.4566929133858268,-0.3779527559055118,-0.4015748031496063,-0.3937007874015748,-0.13385826771653545,-0.952755905511811,-0.2677165354330709,-0.6220472440944882,-0.25196850393700787,-0.3700787401574803,-0.2204724409448819,-0.3779527559055118,0.09448818897637795,-0.8503937007874016,-0.023622047244094488,-0.5984251968503937,-0.07086614173228346,-0.3937007874015748,-0.07086614173228346,-0.3700787401574803
1,0.0,0.0,0.37142857142857144,0.02857142857142857,0.7523809523809524,-0.009523809523809525,0.9904761904761905,-0.13333333333333333,0.8476190476190476,-0.3904761904761905,0.8857142857142857,-0.7714285714285715,0.9809523809523809,-0.5904761904761905,0.8571428571428571,-0.3904761904761905,0.819047619047619,-0.42857142857142855,0.6571428571428571,-0.9523809523809523,0.6761904761904762,-0.5333333333333333,0.5428571428571428,-0.2571428571428571,0.5333333333333333,-0.4,0.4,-1.0,0.38095238095238093,-0.5238095238095238,0.3333333333333333,-0.2571428571428571,0.3523809523809524,-0.3904761904761905,0.1619047619047619,-0.9619047619047619,0.12380952380952381,-0.5619047619047619,0.11428571428571428,-0.3238095238095238,0.13333333333333333,-0.42857142857142855
1,0.0,0.0,0.3333333333333333,0.10185185185185185,0.6944444444444444,-0.009259259259259259,0.9629629629629629,-0.25925925925925924,1.0,-0.5277777777777778,0.8148148148148148,-0.42592592592592593,0.8981481481481481,-0.5185185185185185,0.6851851851851852,-0.2962962962962963,0.6851851851851852,-0.2777777777777778,0.6388888888888888,-0.5648148148148148,0.7407407407407407,-0.6388888888888888,0.5,-0.3148148148148148,0.5370370370370371,-0.37037037037037035,0.42592592592592593,-0.6759259259259259,0.5185185185185185,-0.7037037037037037,0.32407407407407407,-0.3888888888888889,0.3333333333333333,-0.4444444444444444,0.2037037037037037,-0.75,0.2962962962962963,-0.7592592592592593,0.18518518518518517,-0.5092592592592593,0.16666666666666666,-0.5370370370370371
1,0.0,0.0,0.3170731707317073,0.06504065040650407,0.6747967479674797,-0.016260162601626018,0.9105691056910569,-0.18699186991869918,1.0,-0.3821138211382114,0.7723577235772358,-0.4065040650406504,0.975609756097561,-0.5853658536585366,0.8211382113821138,-0.3983739837398374,0.6829268292682927,-0.2764227642276423,0.5853658536585366,-0.5121951219512195,0.7560975609756098,-0.6910569105691057,0.5772357723577236,-0.3983739837398374,0.4796747967479675,-0.2926829268292683,0.3821138211382114,-0.5934959349593496,0.5284552845528455,-0.7317073170731707,0.3821138211382114,-0.42276422764227645,0.2926829268292683,-0.3089430894308943,0.13821138211382114,-0.6422764227642277,0.2764227642276423,-0.7479674796747967,0.1951219512195122,-0.5203252032520326,0.13008130081300814,-0.3983739837398374
1,0.0,0.0,0.2898550724637681,0.13043478260869565,0.6304347826086957,0.11594202898550725,0.8695652173913043,0.036231884057971016,1.0,-0.08695652173913043,0.6666666666666666,-0.3115942028985507,0.8478260869565217,-0.47101449275362317,0.9565217391304348,-0.5289855072463768,1.0,-0.5217391304347826,0.5144927536231884,-0.43478260869565216,0.7028985507246377,-0.6884057971014492,0.7608695652173914,-0.6521739130434783,0.7318840579710145,-0.5289855072463768,0.3333333333333333,-0.5072463768115942,0.4782608695652174,-0.6884057971014492,0.45652173913043476,-0.5,0.391304347826087,-0.3188405797101449,0.11594202898550725,-0.5507246376811594,0.21014492753623187,-0.6884057971014492,0.21014492753623187,-0.5579710144927537,0.17391304347826086,-0.42028985507246375
1,0.0,0.0,0.3203125,0.015625,0.6640625,-0.1015625,0.890625,-0.234375,1.0,-0.3828125,0.53125,-0.59375,0.6640625,-0.8125,0.8125,-0.828125,0.9375,-0.7578125,0.34375,-0.6640625,0.53125,-0.875,0.6171875,-0.640625,0.6171875,-0.4140625,0.140625,-0.6796875,0.328125,-0.734375,0.375,-0.4609375,0.359375,-0.2578125,-0.1015625,-0.6484375,0.078125,-0.71875,0.15625,-0.53125,0.1640625,-0.375
1,0.0,0.0,0.3253968253968254,-0.06349206349206349,0.6825396825396826,-0.24603174603174602,0.9047619047619048,-0.38095238095238093,1.0,-0.5714285714285714,0.49206349206349204,-0.7301587301587301,0.6746031746031746,-1.0,0.7857142857142857,-0.8650793650793651,0.8333333333333334,-0.6746031746031746,0.2777777777777778,-0.7777777777777778,0.5079365079365079,-0.8809523809523809,0.5634920634920635,-0.5952380952380952,0.5555555555555556,-0.3888888888888889,0.047619047619047616,-0.753968253968254,0.2857142857142857,-0.7619047619047619,0.3412698412698413,-0.49206349206349204,0.3412698412698413,-0.30952380952380953,-0.18253968253968253,-0.6904761904761905,0.03968253968253968,-0.7301587301587301,0.14285714285714285,-0.5317460317460317,0.1746031746031746,-0.373015873015873
1,0.0,0.0,0.35658914728682173,-0.12403100775193798,0.6434108527131783,-0.3488372093023256,0.8449612403100775,-0.4883720930232558,0.9922480620155039,-0.6356589147286822,0.3643410852713178,-0.8914728682170543,0.6666666666666666,-1.0,0.813953488372093,-0.813953488372093,0.875968992248062,-0.6356589147286822,0.16279069767441862,-0.8992248062015504,0.5271317829457365,-0.8527131782945736,0.6356589147286822,-0.5503875968992248,0.6434108527131783,-0.34108527131782945,-0.031007751937984496,-0.8217054263565892,0.34108527131782945,-0.7441860465116279,0.4418604651162791,-0.4573643410852713,0.4496124031007752,-0.26356589147286824,-0.20930232558139536,-0.6821705426356589,0.10077519379844961,-0.6744186046511628,0.2558139534883721,-0.49612403100775193,0.3178294573643411,-0.3333333333333333
1,0.0,0.0,0.027586206896551724,-0.3310344827586207,0.1724137931034483,-0.6206896551724138,0.3724137931034483,-0.7586206896551724,0.5379310344827586,-0.7724137931034483,0.12413793103448276,-0.7862068965517242,0.5310344827586206,-1.0,0.5655172413793104,-0.8551724137931035,0.4689655172413793,-0.7517241379310344,0.2,-0.6068965517241379,0.6206896551724138,-0.7793103448275862,0.6,-0.6344827586206897,0.4896551724137931,-0.5793103448275863,0.2827586206896552,-0.4068965517241379,0.6551724137931034,-0.5448275862068965,0.593103448275862,-0.42758620689655175,0.4827586206896552,-0.38620689655172413,0.38620689655172413,-0.21379310344827587,0.6620689655172414,-0.31724137931034485,0.6,-0.2413793103448276,0.503448275862069,-0.20689655172413793
1,0.0,0.0,-0.0903954802259887,-0.3502824858757062,-0.06779661016949153,-0.6497175141242938,0.01694915254237288,-0.8983050847457628,0.1638418079096045,-1.0,0.14689265536723164,-0.6440677966101694,0.3502824858757062,-0.9265536723163842,0.2711864406779661,-0.8757062146892656,0.192090395480226,-0.7740112994350282,0.288135593220339,-0.5141242937853108,0.4463276836158192,-0.7796610169491526,0.3672316384180791,-0.7457627118644068,0.2994350282485876,-0.6610169491525424,0.384180790960452,-0.3728813559322034,0.5028248587570622,-0.615819209039548,0.4293785310734463,-0.5932203389830508,0.3672316384180791,-0.5141242937853108,0.4632768361581921,-0.24293785310734464,0.5536723163841808,-0.4406779661016949,0.4745762711864407,-0.4406779661016949,0.4067796610169492,-0.3785310734463277
1,0.0,0.0,-0.25146198830409355,-0.29239766081871343,-0.3742690058479532,-0.5555555555555556,-0.391812865497076,-0.7894736842105263,-0.2982456140350877,-0.9005847953216374,-0.07017543859649122,-0.7602339181286549,-0.08187134502923976,-1.0,-0.15204678362573099,-0.8830409356725146,-0.1695906432748538,-0.7543859649122807,0.12280701754385964,-0.7017543859649122,0.04678362573099415,-0.8947368421052632,-0.023391812865497075,-0.8011695906432749,-0.029239766081871343,-0.6900584795321637,0.2631578947368421,-0.6081871345029239,0.15789473684210525,-0.7485380116959064,0.09941520467836257,-0.6842105263157895,0.08771929824561403,-0.5847953216374269,0.3742690058479532,-0.5146198830409356,0.2807017543859649,-0.6257309941520468,0.2222222222222222,-0.5730994152046783,0.19883040935672514,-0.4853801169590643
1,0.0,0.0,-0.1968503937007874,-0.31496062992125984,-0.2755905511811024,-0.5905511811023622,-0.2283464566929134,-0.8110236220472441,-0.08661417322834646,-0.8661417322834646,0.07874015748031496,-0.8818897637795275,0.2125984251968504,-1.0,0.1732283464566929,-0.905511811023622,0.11023622047244094,-0.8031496062992126,0.29133858267716534,-0.8031496062992126,0.33070866141732286,-0.8031496062992126,0.2677165354330709,-0.7086614173228346,0.2047244094488189,-0.6220472440944882,0.4409448818897638,-0.6614173228346457,0.4251968503937008,-0.6299212598425197,0.3779527559055118,-0.5354330708661418,0.3228346456692913,-0.4645669291338583,0.5748031496062992,-0.49606299212598426,0.5354330708661418,-0.47244094488188976,0.48031496062992124,-0.3858267716535433,0.4330708661417323,-0.3228346456692913
1,0.0,0.0,0.13402061855670103,-0.41237113402061853,0.35051546391752575,-0.6185567010309279,0.5773195876288659,-0.6597938144329897,0.7216494845360825,-0.6391752577319587,0.5670103092783505,-0.9484536082474226,0.8247422680412371,-0.7525773195876289,0.7835051546391752,-0.5876288659793815,0.6701030927835051,-0.5257731958762887,0.7319587628865979,-0.8144329896907216,0.9278350515463918,-0.5257731958762887,0.8350515463917526,-0.3711340206185567,0.711340206185567,-0.31958762886597936,0.845360824742268,-0.5876288659793815,0.979381443298969,-0.25773195876288657,0.845360824742268,-0.14432989690721648,0.7319587628865979,-0.12371134020618557,0.9278350515463918,-0.3402061855670103,1.0,-0.061855670103092786,0.865979381443299,0.030927835051546393,0.7628865979381443,0.020618556701030927
1,0.0,0.0,0.32,0.032,0.568,-0.016,0.736,-0.008,0.864,0.016,0.768,-0.36,1.0,-0.024,0.936,0.192,0.856,0.304,0.728,-0.352,0.968,0.072,0.848,0.28,0.728,0.376,0.68,-0.264,0.904,0.168,0.752,0.328,0.6,0.392,0.624,-0.144,0.792,0.2,0.688,0.336,0.56,0.376
1,0.0,0.0,0.23076923076923078,0.3076923076923077,0.5,0.4307692307692308,0.7,0.5076923076923077,0.8615384615384616,0.5769230769230769,0.8461538461538461,0.07692307692307693,1.0,0.38461538461538464,0.9615384615384616,0.6153846153846154,0.8692307692307693,0.7615384615384615,0.8,-0.06923076923076923,0.8692307692307693,0.38461538461538464,0.6846153846153846,0.6384615384615384,0.5076923076923077,0.7538461538461538,0.6692307692307692,-0.13076923076923078,0.7076923076923077,0.35384615384615387,0.5230769230769231,0.5769230769230769,0.35384615384615387,0.6692307692307692,0.5076923076923077,-0.13076923076923078,0.5307692307692308,0.25384615384615383,0.4153846153846154,0.4307692307692308,0.3,0.5076923076923077
1,0.0,0.0,0.037383177570093455,0.34579439252336447,0.205607476635514,0.6728971962616822,0.32710280373831774,0.8785046728971962,0.42990654205607476,1.0,0.794392523364486,0.4392523364485981,0.6635514018691588,0.5046728971962616,0.32710280373831774,0.5046728971962616,0.11214953271028037,0.5046728971962616,0.794392523364486,0.12149532710280374,0.5420560747663551,0.16822429906542055,0.16822429906542055,0.205607476635514,-0.056074766355140186,0.21495327102803738,0.6915887850467289,-0.16822429906542055,0.48598130841121495,-0.12149532710280374,0.16822429906542055,-0.06542056074766354,-0.037383177570093455,-0.028037383177570093,0.5514018691588785,-0.42990654205607476,0.4766355140186916,-0.4392523364485981,0.24299065420560748,-0.3364485981308411,0.07476635514018691,-0.2523364485981308
